{
  "urls": [
    "arif.ogg",
    "arif.m4a",
    "arif.mp3",
    "arif.ac3"
  ],
  "sprite": {
    "0": [
      0,
      496.32653061224494
    ],
    "1": [
      2000,
      574.6938775510203
    ],
    "2": [
      4000,
      496.32653061224465
    ],
    "3": [
      6000,
      522.4489795918367
    ],
    "4": [
      8000,
      496.3265306122455
    ],
    "5": [
      10000,
      522.448979591836
    ],
    "6": [
      12000,
      522.448979591836
    ],
    "7": [
      14000,
      496.3265306122455
    ],
    "8": [
      16000,
      600.8163265306123
    ],
    "9": [
      18000,
      522.448979591836
    ],
    "kaunter": [
      20000,
      600.8163265306123
    ]
  }
}