{
  "urls": [
    "fakhri.ogg",
    "fakhri.m4a",
    "fakhri.mp3",
    "fakhri.ac3"
  ],
  "sprite": {
    "0": [
      0,
      496.32653061224494
    ],
    "1": [
      2000,
      705.3061224489796
    ],
    "2": [
      4000,
      653.0612244897958
    ],
    "3": [
      6000,
      574.6938775510203
    ],
    "4": [
      8000,
      522.448979591836
    ],
    "5": [
      10000,
      600.8163265306123
    ],
    "6": [
      12000,
      548.571428571428
    ],
    "7": [
      14000,
      548.571428571428
    ],
    "8": [
      16000,
      600.8163265306123
    ],
    "9": [
      18000,
      783.6734693877538
    ],
    "kaunter": [
      20000,
      757.5510204081617
    ]
  }
}