{
  "urls": [
    "assets/audio/voice/hafizah.ogg",
    "assets/audio/voice/hafizah.m4a",
    "assets/audio/voice/hafizah.mp3",
    "assets/audio/voice/hafizah.ac3"
  ],
  "sprite": {
    "0": [
      0,
      626.9387755102041
    ],
    "1": [
      2000,
      783.6734693877552
    ],
    "2": [
      4000,
      705.3061224489792
    ],
    "3": [
      6000,
      626.9387755102046
    ],
    "4": [
      8000,
      653.0612244897966
    ],
    "5": [
      10000,
      679.183673469387
    ],
    "6": [
      12000,
      731.4285714285713
    ],
    "7": [
      14000,
      626.9387755102046
    ],
    "8": [
      16000,
      809.795918367346
    ],
    "9": [
      18000,
      809.795918367346
    ],
    "kaunter": [
      20000,
      705.3061224489809
    ]
  }
}